Reference,School Name,% attendance,% absence,% authorised absence,% unauthorised absence
1010012,"Belmont Primary School, Belfast",96.2,3.8,2.8,1
1010063,"Currie Primary School, Belfast",85.7,14.3,7.4,6.9
1010146,"Euston Street Primary School, Belfast",88.1,11.9,3.4,8.5
1010157,Rosetta Primary School,92.3,7.7,4,3.7
1010205,"Forth River Primary School, Belfast",91.5,8.5,2.8,5.8
1010221,"Springfield Primary School, Belfast",89.4,10.6,3.7,6.9
1010252,"Strandtown Primary School, Belfast",94.4,5.6,3.4,2.2
1010255,"Elmgrove Primary School, Belfast",88.2,11.8,2.8,9
1010266,"Seaview Primary School, Belfast",93.1,6.9,4.9,2
1010267,"Nettlefield Primary School, Belfast",88.4,11.6,5.4,6.2
1010273,"Orangefield Primary School, Belfast",94.4,5.6,3.2,2.4
1010282,"Carr's Glen Primary School, Belfast",90.9,9.1,4.4,4.7
1010301,"Taughmonagh Primary School, Belfast",89.1,10.9,4.7,6.2
1010304,"Greenwood Primary School, Belfast",95.5,4.6,3.6,0.9
1010307,"Springhill Primary School, Belfast",93.1,6.9,5.6,1.3
1010323,"Edenbrooke Primary School, Belfast",87.1,12.9,5.9,7
1010324,"Stranmillis Primary School, Belfast",97,3,2.1,0.9
1010325,"Ligoniel Primary School, Belfast",92.3,7.8,4.7,3.1
1010806,"Finaghy Primary School, Belfast",92.8,7.2,2.8,4.4
1010831,"Cavehill Primary School, Belfast",93.1,6.9,4.7,2.2
1013018,"Knocknagoney Primary School, Belfast",91,9,3.9,5.1
1016059,"Black Mountain Primary School, Belfast",89.4,10.6,3.2,7.4
1016060,"Donegall Road Primary School, Belfast",85.7,14.3,5.2,9.2
1016076,Ballysillan Primary School,91.1,8.9,4.1,4.8
1016205,"Fane Street Primary School, Belfast",83.5,16.5,12.4,4.1
1016207,"Blythefield Primary School, Belfast",86.2,13.8,5.1,8.7
1016242,"Dundela Infants Primary School, Belfast",91.8,8.2,6.2,2.1
1016485,"Glenwood Primary School, Belfast",86,14,4.9,9.1
1016498,"Malvern Primary School, Belfast",84.8,15.2,3.6,11.6
1016499,"Botanic Primary School, Belfast",89,11,5,6.1
1016532,"Wheatfield Primary School, Belfast",87.4,12.6,3.8,8.8
1016537,"Lowwood Primary School, Belfast",91.7,8.4,3.4,4.9
1016604,"Harmony Primary School, Belfast",89,11,5.9,5.2
1016647,"Bunscoil Mhic Reachtain, Belfast",89,11,4.1,6.9
1016655,Victoria Park Primary School,89.2,10.8,5.6,5.2
1030194,"Holy Cross Boys' Primary School, Belfast",89.7,10.3,10,0.3
1030313,"Our Lady of Lourdes Primary School, Belfast",95,5,4.1,0.9
1030327,"Holy Rosary Primary School, Belfast",89.2,10.8,5.4,5.5
1030331,"Holy Cross Girls' Primary School, Belfast",90.1,10,4.8,5.2
1030868,"St Anne's Primary School, Belfast",94.5,5.5,4.5,1
1036041,"Mercy Primary School, Belfast",90.5,9.5,4.2,5.4
1036042,St Vincent de Paul Primary School,89.5,10.5,3.5,7.1
1036048,"St Mary's Star of the Sea Primary School, Belfast",88.4,11.7,3.6,8.1
1036075,"St Bride's Primary School, Belfast",95.4,4.7,3.1,1.6
1036132,"St Therese of Lisieux Primary School, Belfast",94.2,5.8,3.5,2.3
1036140,"St Michael's Primary School, Belfast",95,5,3.4,1.6
1036246,"St Joseph's Primary School, Holland Dr",94.4,5.6,4.2,1.4
1036388,"St Mary's Primary School, Belfast",84.5,15.6,5.5,10.1
1036466,"St Malachy's Primary School, Belfast",93.8,6.2,3.6,2.6
1036505,"St Matthew's Primary School, Belfast",90.5,9.5,4.3,5.2
1036565,St Kevin's Primary School,89.1,10.9,3.8,7.1
1036566,"Holy Family Primary School, Belfast",90.2,9.8,4.4,5.4
1036576,"Holy Child Primary School, Belfast",92.7,7.3,7.2,0.1
1036589,"St Teresa's Primary School, Belfast",94,6,5.6,0.4
1036602,"St Oliver Plunkett Primary School, Belfast",90.6,9.4,6.6,2.9
1036620,"St Peter's Primary School, Belfast",89.1,10.9,2.9,8
1036621,"St Joseph's Primary School, Slate",91,9,4,5
1036623,"Holy Trinity Primary School, Belfast",90.3,9.7,6.5,3.1
1036624,"St Paul's Primary School, Belfast",89.7,10.3,2.7,7.6
1036630,"St Clare's Primary School, Belfast",91.1,8.9,2.5,6.4
1036688,"St John the Baptist Primary School, Belfast",93.6,6.4,3.8,2.6
1036697,"John Paul II Primary School, Belfast",87.7,12.3,3.4,8.9
1036698,"St Patrick's Primary School, Belfast",88.7,11.3,4.7,6.6
1046501,Bunscoil Phobal Feirste,93.7,6.3,3.2,3.1
1046571,"Gaelscoil Na Bhfal, Belfast",93.7,6.3,2.7,3.7
1046593,"Bunscoil an Tsleibhe Dhuibh, Belfast",92.3,7.7,3,4.6
1046596,Bunscoil Bheann Mhadagain,88.2,11.8,6.8,5
1046641,"Scoil an Droichid, Belfast",91.8,8.2,3.7,4.4
1046671,"Gaelscoil na Mona, Belfast",92.6,7.4,3.5,3.9
1046672,"Gaelscoil an Lonnain, Belfast",88.5,11.5,4.4,7.1
1050232,"Harding Memorial Integrated Primary School, Belfast",91.5,8.5,4.9,3.6
1056483,"Cliftonville Integrated Primary School, Belfast",89.1,10.9,3.5,7.5
1056535,"Forge Integrated Primary School, Belfast",94.1,6,3.9,2.1
1066531,"Hazelwood Integrated Primary School, Newtownabbey",90.4,9.6,4.5,5.1
1066580,"Cranmore Integrated Primary School, Belfast",93.3,6.7,4.5,2.2
1620020,"Campbell College Junior School, Belfast",95.1,4.9,3.3,1.6
1620022,"Fullerton House Preparatory School, Belfast",95.9,4.1,3.5,0.7
1620023,Downey House Preparatory School,94.9,5.1,5.1,0.1
1620027,Inchmarlo,95.6,4.4,3.3,1.2
1620028,Ben Madigan Preparatory School,96.7,3.3,2.8,0.5
1620089,"Strathearn Preparatory School, Belfast",95.9,4.1,2.5,1.7
1620264,"Victoria College Prep Department, Belfast",95,5.1,3.5,1.6
2010380,Londonderry Model Primary School,91,9.1,5.6,3.5
2010382,Ebrington Primary School,93.9,6.1,3.2,2.9
2011787,Kesh Primary School,95.6,4.4,2.6,1.9
2011789,"Moat Primary School, Lisnaskea",95.6,4.4,4,0.4
2011860,Belleek No 2 Primary School,95.8,4.2,3.7,0.5
2011873,"Aghadrumsee Primary School, Roslea",97.1,2.9,2.8,0.1
2011879,Newtownbutler Primary School,93.8,6.2,5,1.2
2011881,Florencecourt Primary School,94.4,5.6,4.9,0.8
2011893,Ballinamallard Primary School,94.5,5.5,3.8,1.7
2011894,Brookeborough Primary School,94.8,5.2,2.1,3.1
2011899,Derrygonnelly Primary School,95.2,4.8,3.1,1.7
2012052,Culmore Primary School,92.4,7.6,5.5,2.1
2012095,Ballougry Primary School,93.3,6.7,6.6,0.1
2012227,Drumahoe Primary School,93.7,6.3,3.9,2.4
2012245,Eglinton Primary School,95.6,4.4,3.5,0.9
2012261,Newbuildings Primary School,93.7,6.4,4,2.4
2012298,Ballykelly Primary School,93.4,6.6,3.7,2.9
2012344,"McClintock Primary School, Seskinore",96.2,3.8,2.9,0.9
2012638,"Edwards Primary School, Castlederg",94.7,5.3,5,0.2
2012641,"Killen Primary School, Castlederg",95.6,4.4,3.9,0.5
2012660,"Denamona Primary School, Fintona",95.5,4.5,3.2,1.4
2012669,"Queen Elizabeth II Primary School, Kilskeery",97.4,2.6,1.9,0.8
2012671,"Langfield Primary School, Drumquin",95.4,4.6,3.3,1.3
2012691,Omagh County Primary School,92.9,7.1,3.8,3.3
2012707,"Dromore Primary School, Tyrone",95.1,4.9,3.5,1.4
2012708,Strabane Primary School,91.6,8.4,6,2.4
2012711,"Donemana Primary School, Strabane",95.6,4.4,2.3,2.1
2016003,"Jones Memorial Primary School, Enniskillen",92.4,7.6,4.8,2.8
2016029,"Drumachose Primary School, Limavady",94.7,5.3,2.8,2.5
2016068,"Artigarvan Primary School, Strabane",94,6.1,3.9,2.2
2016071,Greenhaw Primary School,91.6,8.5,7.4,1
2016089,"Gibson Primary School, Omagh",93.4,6.6,4.7,2
2016102,Tempo Primary School,95.6,4.4,3.5,1
2016124,"Ashlea S, Tullyally",93.5,6.5,3.5,3
2016127,Maguiresbridge Primary School,95.9,4.1,3.3,0.7
2016151,Irvinestown Primary School,95,5,4.1,0.9
2016152,Enniskillen Model Primary School,94.1,5.9,4.3,1.6
2016184,"Lack Primary School, Enniskillen",95.2,4.8,4.4,0.3
2016203,Lisnagelvin Primary School,93.4,6.6,4.6,2
2016218,Lisbellaw Primary School,96,4,3.2,0.9
2016262,Newtownstewart Model Primary School,94.3,5.7,2.2,3.5
2016372,Cumber Claudy Primary School,93.3,6.7,3.4,3.3
2016395,"Gortin Primary School, Omagh",94.7,5.3,3.7,1.6
2016426,Limavady Central Primary School,91.1,8.9,4.5,4.4
2016564,"Fountain Primary School, Londonderry",91.3,8.7,4,4.7
2016645,"Bready Jubilee Primary School, Strabane",95.9,4.1,3.6,0.5
2016656,"Drumrane Primary School, Dungiven",95.1,4.9,3.7,1.2
2016663,"Cooley Primary School, Sixmilecross",95.8,4.3,2.4,1.9
2016700,"Gaelscoil Neachtain, Dungiven",93.8,6.2,4.7,1.6
2016701,Ardstraw Jubilee Primary School,96.3,3.7,3.1,0.6
2030364,Rosemount Primary School,93.4,6.7,4.1,2.6
2030373,Nazareth House Primary School,92,8,3.2,4.8
2030381,"Holy Child Primary School, Derry",92.3,7.7,3.2,4.5
2031828,"St Patrick's Primary School, Mullanaskea",94.7,5.3,5.3,0
2031863,"Tattygar Primary School, Lisbellaw",94.6,5.4,4.2,1.2
2031868,"St Tierney's Primary School, Roslea",92.6,7.4,4.2,3.2
2031869,"St Mary's Primary School, Newtownbutler",93.4,6.6,3.3,3.4
2031874,"St Patrick's Primary School, Derrygonnelly",95,5,4.2,0.8
2031876,"St Mary's Primary School, Brookeborough",95,5,4.5,0.6
2031880,"St Ninnidh's Primary School, Derrylin",95.5,4.5,4.3,0.3
2031884,"St Mary's Primary School, Killesher",95,5,4.9,0.1
2031887,"St John the Baptist Primary School, Roscor",96,4.1,2.6,1.4
2031890,"St Mary's Primary School, Mullymesker",94.9,5.1,4.1,1.1
2031895,"St Mary's Primary School, Maguiresbridge",95.2,4.8,4.2,0.6
2031897,"Killyhommon Primary School, Enniskillen",96.6,3.4,3.4,0
2031898,"St Paul's Primary School, Irvinestown",93.7,6.3,2.7,3.6
2031901,"St Ronan's Primary School, Lisnaskea",93.9,6.1,3.2,3
2032212,Glendermott Primary School,92.6,7.4,4.3,3.1
2032263,"St Canice's Primary School, Feeny",95.4,4.6,2.9,1.7
2032278,"Broadbridge Primary School, Eglinton",96.1,3.9,3.7,0.3
2032286,"St Matthew's Primary School, Drumsurn",95.2,4.8,3.9,0.8
2032287,"Termoncanice Primary School, Limavady",93.7,6.4,3,3.3
2032294,"St Mary's Primary School, Altinure",95.7,4.3,3.4,0.9
2032573,"St Brigid's Primary School, Altamuskin",96.9,3.1,3.1,0
2032603,"Tummery Primary School, Dromore",96.3,3.7,3.7,0
2032607,"St Mary's Primary School, Killyclogher",94.3,5.7,3.3,2.4
2032628,"Knocknagor Primary School, Trillick",94.9,5.1,5.1,0
2032662,"St Brigid's Primary School, Mountfield",94.7,5.3,3.6,1.8
2032676,"St Patrick's Primary School, Gortin",96.5,3.5,3.5,0.1
2032682,"St Eugene's Primary School, Victoria Bridge",92.6,7.4,4.2,3.2
2032684,"St Lawrence's Primary School, Fintona",95.5,4.5,4.2,0.3
2032685,"St Brigid's Primary School, Cranagh",95.1,4.9,4.4,0.5
2032694,"St Caireall's Primary School, Castlederg",93.5,6.5,5.2,1.3
2032700,"St Joseph's Primary School, Drumquin",94.8,5.3,2.9,2.4
2032704,"St Ronan's Primary School, Recarson",96.1,3.9,2.3,1.6
2032705,"St Patrick's Primary School, Eskra",97,3,3,0
2032721,"Sacred Heart Primary School, Tattyreagh",96.3,3.7,3.3,0.4
2032723,"Roscavey Primary School, Beragh",94.3,5.7,5.5,0.2
2032730,"St Columba's Primary School, Clady",94.4,5.6,3.6,2
2032731,"St Teresa's Primary School, Loughmacrory",96.8,3.2,3.1,0.1
2032737,"St Colmcille's Primary School, Carrickmore",95.5,4.5,3.9,0.6
2033706,"Faughanvale Primary School, Greysteel",94,6,3.9,2.1
2033708,"St Aidan's Primary School, Limavady",93.3,6.8,4.7,2.1
2036008,"St Patrick's Primary School, Newtownstewart",91.4,8.6,8.6,0
2036032,"St John's Primary School, Bligh's Lane",92.7,7.3,5.2,2.1
2036045,"St Canice Primary School, Dungiven",94.8,5.3,5.3,0
2036069,"St Anne's Primary School, Londonderry",91,9,4.7,4.3
2036070,"St Joseph's Primary School, Ederney",94,6,3.5,2.5
2036082,"St Colmcille's Primary School, Claudy",93.5,6.6,3.3,3.3
2036084,"Steelstown Primary School, Londonderry",89.7,10.3,4.2,6.1
2036085,"St Peter's & St Paul's Primary School, Dungiven",97.3,2.7,1.7,1
2036090,"St Naile's Primary School, Kinawley",95.2,4.8,4.8,0
2036094,"St Patrick's Primary School, Castlederg",92.5,7.5,4.9,2.6
2036095,"St Mary's Primary School, Cloughcor",91.5,8.5,4.2,4.3
2036097,"St Peter's Primary School, Plumbridge",95.8,4.3,3.8,0.4
2036105,"St Martin's Primary School, Garrison",93.6,6.4,5,1.4
2036107,"St Joseph's Primary School, Donagh",95.6,4.4,4.4,0.1
2036116,"St Conor's Primary School, Omagh",93.5,6.5,3.8,2.7
2036142,"St Brigid's Primary School, Carnhill",89,11,6.4,4.5
2036143,"St Oliver Plunkett Primary School, Strathfoyle",93.3,6.7,2.9,3.8
2036149,"St Finlough's Primary School, Sistrakeel",92.8,7.3,7.1,0.2
2036153,"St Scire's Primary School, Trillick",95.7,4.3,3.7,0.6
2036181,"St Mary's Primary School, Teemore",96,4.1,4.1,0
2036186,"St Dympna's Primary School, Dromore",95.7,4.3,4.2,0.2
2036187,"St John's Primary School, Dernaflaw",95.5,4.5,4,0.5
2036213,"St Columban's Primary School, Belcoo",95.7,4.3,3.7,0.6
2036227,"St Paul's Primary School, Slievemore",90.6,9.4,4.6,4.9
2036247,"St Columba's Primary School, Newbuildings",94.3,5.7,3.7,2
2036258,"St Davog's Primary School, Belleek",92.6,7.4,6.4,1
2036259,"Sacred Heart Primary School, Trench Road",92.8,7.2,2.8,4.5
2036288,"Good Shepherd Primary School, Derry",94.2,5.8,4.2,1.6
2036291,"St Oliver Plunkett Primary School, Beragh",96.2,3.9,3.9,0
2036356,"St Mary's Primary School, Tempo",94.4,5.6,4.3,1.3
2036415,"Our Lady of Lourdes Primary School, Greencastle",96.3,3.7,3.3,0.4
2036449,"Christ the King Primary School, Omagh",86,14,7,7
2036458,"St Mary's Primary School, Gortnaghey",96,4,2.9,1.2
2036459,"St Theresa's Primary School, Glebe",94.7,5.3,4.2,1.1
2036461,"St Therese Primary School, Lenamore",88.5,11.5,9.3,2.2
2036465,"Chapel Road Primary School, Londonderry",92.5,7.5,6.2,1.3
2036472,"Holy Family Primary School, Derry",93.3,6.7,5.2,1.5
2036473,"St Eithne's Primary School, Londonderry",93.4,6.6,5.5,1.2
2036475,Longtower Primary School,91.9,8.1,7.5,0.6
2036533,"Hollybush Primary School, Culmore",94.4,5.6,3.7,1.9
2036555,"St Eugene's Primary School, Derry",92.2,7.9,7.3,0.6
2036557,"All Saint's Primary School, Tattysallagh",93.1,6.9,3,3.9
2036574,"Bunscoil Cholmcille, Derry",91.3,8.7,5.2,3.5
2036581,"St Patrick's Primary School, Pennyburn",92.4,7.7,5.4,2.3
2036632,"Holy Trinity Primary School, Mill Street",93.2,6.8,4.5,2.3
2036659,"St Macartan's Primary School, Roslea",95.1,4.9,2.8,2.2
2036674,"Holy Family Primary School, Omagh",88.3,11.7,5.9,5.8
2036696,"St Mary's Primary School, Strabane",90.8,9.2,4.3,4.9
2036703,St Catherine’s Primary School,91,9,4.4,4.6
2036711,Our Lady of Fatima Primary School,94,6,3.8,2.2
2036712,"St Michael's Primary School, Dunamanagh",96.1,3.9,2.9,1
2046638,"Gaelscoil Ui Dhochartaigh, Strabane",93.3,6.7,5.3,1.4
2046646,"Gaelscoil Eadain Mhoir, Derry",92.4,7.6,4.4,3.2
2046669,"Bunscoil an Traonaigh, Lisnaskea",94.5,5.5,4.9,0.5
2046677,"Gaelscoil Na gCrann, Omagh",92.8,7.2,3,4.2
2046687,"Gaelscoil Na Daroige, Derry",94.3,5.7,2.5,3.2
2046689,"Gaelscoil Leim An Mhadaidh, Limavady",95.8,4.2,3.6,0.6
2056442,Sion Mills Primary School,90.9,9.1,6.4,2.7
2066549,Enniskillen Integrated Primary School,95.5,4.5,4.2,0.3
2066552,Omagh Integrated Primary School,94.5,5.5,2.8,2.6
2066558,Oakgrove Integrated Primary School,93.1,6.9,3.7,3.2
2066665,"Roe Valley Integrated Primary School, Limavady",91.9,8.1,3.3,4.8
3010404,"Tildarg Primary School, Ballyclare",96.7,3.3,2.1,1.2
3010486,Larne & Inver Primary School,93.2,6.8,3.7,3.1
3010553,"Carrickfergus Model Primary School, Carrickfergus",95.1,5,3.4,1.6
3010558,"Duneane Primary School, Toomebridge",96.2,3.8,3.3,0.5
3010572,"Carrowreagh Primary School, Ballymoney",94.7,5.4,4,1.4
3010594,"Garryduff Primary School, Ballymoney",97,3,2.6,0.4
3010631,Ballyclare Primary School,94,6,3.5,2.6
3010642,"Parkgate Primary School, Ballyclare",93.8,6.3,4.9,1.4
3010646,"Olderfleet Primary School, Larne",92.3,7.7,5,2.7
3010696,"Woodburn Primary School, Carrickfergus",94.4,5.6,4.4,1.2
3010714,"Buick Memorial Primary School, Ballymena",92.4,7.6,4,3.6
3010726,Dunseverick Primary School,94,6,3.7,2.4
3010741,"Creavery Primary School, Antrim",94.6,5.4,4.5,0.9
3010745,"Loanends Primary School, Crumlin",94.8,5.2,3.1,2.1
3010754,"Doagh Primary School, Ballyclare",93.2,6.8,2.8,4
3010779,"The Thompson Primary School, Ballyclare",96.2,3.8,2.8,1
3010780,"Kirkinriola Primary School, Ballymena",93.2,6.8,5.6,1.2
3010781,"Harryville Primary School, Ballymena",78.8,21.2,4.9,16.3
3010785,"Eden Primary School, Carrickfergus",94.7,5.3,3.1,2.2
3010787,"Lislagan Primary School, Ballymoney",95.2,4.8,3.3,1.4
3010794,"Gracehill Primary School, Ballymena",95.7,4.4,2.3,2.1
3010795,"Landhead Primary School, Ballymoney",94.3,5.8,3.5,2.3
3010796,"Eden Primary School, Ballymoney",93.5,6.5,3.9,2.6
3010802,Ballynure Primary School,96,4,2.9,1.1
3010804,"Straidbilly Primary School, Ballymoney",94.9,5.2,4.3,0.8
3010808,"Glynn Primary School, Larne",94.9,5.1,3.8,1.2
3010809,"Ballycarry Primary School, Carrickfergus",95.9,4.1,2.7,1.4
3010816,Randalstown Central Primary School,94.6,5.4,4.4,1
3010817,"Greenisland Primary School, Carrickfergus",96.4,3.6,2.9,0.7
3010818,"Moorfields Primary School, Ballymena",95.4,4.6,2.5,2
3010822,"Groggan Primary School, Randalstown",94.5,5.5,3,2.5
3010825,"Carnaghts Primary School, Shankbridge",94.4,5.6,3.4,2.2
3010826,"The Diamond Primary School, Cullybackey",96.3,3.7,2.5,1.1
3010827,"Whitehouse Primary School, Newtownabbey",91.5,8.5,3.5,5
3010828,"Kilbride Central Primary School, Ballyclare",92.3,7.7,4,3.7
3010829,Antrim Primary School,93.1,6.9,5.4,1.5
3010834,Clough Primary School,96.1,3.9,1.8,2.1
3010835,"Kells and Connor Primary School, Ballymena",93.2,6.8,3.7,3.1
3010842,"William Pinkerton Memorial Primary School, Ballymoney",93.6,6.4,4.7,1.7
3010846,"Whiteabbey Primary School, Newtownabbey",96.4,3.6,2.9,0.8
3010847,Portrush Primary School,92,8,3.6,4.4
3010860,"Sunnylands Primary School, Carrickfergus",90.7,9.3,7.4,1.9
3010862,"Abbots Cross Primary School, Newtownabbey",89.7,10.3,4.7,5.6
3010870,"Moyle Primary School, Larne",92.9,7.1,5.7,1.4
3010873,Bushmills Primary School,92.1,7.9,2.3,5.5
3010874,"Whitehead Primary School, Carrickfergus",94.5,5.5,3.2,2.3
3010875,Ballymena Primary School,89.8,10.2,3.9,6.3
3010878,"Kilmoyle Primary School, Ballymoney",94,6,3,3
3010879,"Straidhavern Primary School, Crumlin",95.2,4.8,3.1,1.7
3010880,"King's Park Primary School, Newtownabbey",93.6,6.4,3.5,2.9
3010883,"Linn Primary School, Larne",93.5,6.6,3.3,3.2
3010891,"Fourtowns Primary School, Ahoghill",95.1,4.9,3.1,1.8
3010892,"Ballytober Primary School, Bushmills",93.8,6.2,1.8,4.4
3010893,"Knockahollet Primary School, Ballymena",94.6,5.4,2.9,2.6
3010895,Rathcoole Primary School,86.7,13.3,5.1,8.2
3012049,"Carnalridge Primary School, Portrush",91.2,8.8,4,4.8
3012065,"Culcrow Primary School, Aghadowey",95.3,4.7,3.4,1.2
3012225,"Damhead Primary School, Coleraine",95.1,4.9,3.3,1.7
3012229,"Hezlett Primary School, Coleraine",93.4,6.7,2.8,3.8
3012233,"Tobermore Primary School, Tobermore",91.4,8.7,2.9,5.7
3012234,"Ampertaine Primary School, Maghera",93.8,6.2,4.1,2.2
3012237,"Killowen Primary School, Coleraine",92.1,7.9,3.8,4.2
3012250,Portstewart Primary School,93.4,6.6,3.3,3.3
3012264,"Millburn Primary School, Coleraine",89,11,10.5,0.5
3012267,Magherafelt Primary School,93.4,6.6,4.2,2.4
3012269,"Kilrea Primary School, Coleraine",96.6,3.4,2.3,1.1
3012284,"D H Christie Memorial Primary School, Coleraine",93.3,6.7,4.7,2
3012288,"Castleroe Primary School, Coleraine",94.1,5.9,3.1,2.8
3012290,Bellaghy Primary School,95.3,4.7,3.6,1.1
3012291,Maghera Primary School,92.5,7.6,5.7,1.9
3013301,"Carnmoney Primary School, Newtownabbey",93.9,6.1,4.2,1.9
3013310,"Broughshane Primary School, Ballymena",94.6,5.4,3.7,1.7
3013315,"Ballykeel Primary School, Ballymena",93.5,6.6,3.2,3.4
3013322,"Camphill Primary School, Ballymena",94.7,5.3,2.8,2.5
3013323,Mossgrove Primary School,93.2,6.8,3.2,3.7
3013325,"Leaney Primary School, Ballymoney",93.8,6.2,4,2.1
3013330,"Victoria Primary School, Carrickfergus",93.8,6.2,3.3,2.9
3013331,Ballycraigy Primary School,92,8.1,3.6,4.5
3013332,"Toreagh Primary School, Larne",95.1,4.9,3.9,1
3013700,"Macosquin Primary School, Coleraine",95.5,4.5,2.7,1.8
3013704,Castledawson Primary School,94.5,5.5,3.9,1.5
3016005,"Silverstream Primary School, Greenisland",90.4,9.6,5.9,3.7
3016014,"Templepatrick Primary School, Ballyclare",95.3,4.7,2.7,2
3016015,"Mossley Primary School, Newtownabbey",94.7,5.3,2.9,2.4
3016037,"Greystone Primary School, Antrim",93.3,6.7,3.6,3.2
3016038,"Hollybank Primary School, Monkstown",88.7,11.4,3.5,7.9
3016040,"Armoy Primary School, Ballymoney",94.2,5.9,3.5,2.4
3016052,"Harpurs Hill Primary School, Coleraine",92.4,7.7,3.6,4.1
3016055,"Gorran Primary School, Coleraine",95.8,4.2,3,1.2
3016058,"Parkhall Primary School, Antrim",90.3,9.7,3.7,6
3016063,"Dunclug Primary School, Ballymena",88.6,11.4,5.4,6
3016119,Garvagh Primary School,93.6,6.4,2.3,4.1
3016125,Rasharkin Primary School,95.3,4.7,3.5,1.3
3016129,"Carniny Primary School, Ballymena",94.9,5.1,3.3,1.8
3016170,"Ballyhenry Primary School, Newtownabbey",93.8,6.2,4.5,1.8
3016225,"Woodlawn Primary School, Carrickfergus",91.7,8.3,3.5,4.8
3016244,"Ashgrove Primary School, Newtownabbey",93,7.1,3.4,3.6
3016249,"Earlview Primary School, Newtownabbey",90.9,9.2,5.1,4.1
3016252,"Ballysally Primary School, Coleraine",92.7,7.3,4.6,2.7
3016257,"Oakfield Primary School, Carrickfergus",93.2,6.8,3.2,3.6
3016260,Cloughmills Primary School,94.3,5.7,5.4,0.3
3016264,"The Irish Society's Primary School, Coleraine",95.5,4.5,3.2,1.3
3016269,"Cairncastle Primary School, Ballygally",94.4,5.6,4.2,1.4
3016283,"Knockloughrim Primary School, Magherafelt",94.7,5.3,3.9,1.4
3016414,"Fairview Primary School, Ballyclare",94.9,5.1,3.4,1.7
3016440,Portglenone Primary School,96.4,3.6,3.6,0
3016444,"Hazelbank Primary School, Ballymena",95.7,4.3,3.1,1.2
3016447,"Balnamore Primary School, Ballymoney",92.7,7.3,6,1.3
3016594,"Bushvalley Primary School, Ballymoney",94.9,5.1,3.4,1.6
3016705,Islandmagee Primary School,95,5,3.8,1.2
3030434,"Creggan Primary School, Randalstown",95.1,4.9,3.9,1
3030438,"Millquarter Primary School, Toomebridge",95.9,4.1,4.1,0.1
3030547,"St Patrick's Primary School, Portrush",88.6,11.4,4.4,7
3030588,"St Mary's Primary School, Rathlin",93.1,6.9,6.4,0.5
3030621,"St Mary's Primary School, Portglenone",94.3,5.7,3.5,2.2
3030688,"Mount St Michael's Primary School, Randalstown",94.2,5.8,4.7,1.2
3030708,"Glenann Primary School, Cushendall",95.3,4.8,3.8,1
3030719,"St Olcan's Primary School, Ballymoney",95.7,4.4,3.2,1.1
3030815,Moneynick Primary School,96.6,3.4,3,0.5
3030832,"St Comgall's Primary School, Antrim",93.4,6.6,5.9,0.7
3030894,"St Mary's Primary School, Cushendall",94.8,5.3,4.1,1.2
3030898,"St Anne's Primary School, Loughgiel",93,7.1,4.3,2.7
3030900,"St Anthony's Primary School, Larne",91.1,8.9,3.7,5.2
3032018,"St Brigid's Primary School, Tirkane",94.9,5.1,3,2.1
3032109,"New Row Primary School, Castledawson",94.9,5.1,3.8,1.3
3032185,"St Trea's Primary School, Magherafelt",96.4,3.6,2.9,0.7
3032197,"Knocknagin Primary School, Dessertmartin",95.6,4.4,4.4,0
3032202,"St Columba's Primary School, Garvagh",94.3,5.7,4,1.7
3032205,"St Columb's Primary School, Desertmartin",94.3,5.7,5.2,0.5
3032218,"Crossroads Primary School, Kilrea",96,4,2.9,1.1
3032231,"St Colum's Primary School, Portstewart",95,5,4,1
3032246,"St John Bosco Primary School, Ballynease",96.2,3.8,3.6,0.2
3032257,"Anahorish Primary School, Toomebridge",94.1,5.9,3.9,2
3032268,"St Columba's Primary School, Straw",95.8,4.2,3.2,1
3032271,"St Eoghan's Primary School, Magherafelt",95.1,4.9,4.8,0
3032273,"St Mary's Primary School, Draperstown",93.5,6.5,3.3,3.2
3032274,"St John's Primary School, Swatragh",96.3,3.7,2.9,0.9
3032275,"St Mary's Primary School, Greenlough",95.3,4.7,4.3,0.4
3032281,"St Mary's Primary School, Bellaghy",96,4,2.8,1.3
3032285,St Patrick's & St Joseph's Primary School,96,4,2.3,1.7
3032297,"St Malachy's Primary School, Coleraine",93.3,6.7,3.5,3.1
3033303,"St Oliver Plunkett's Primary School, Toomebridge",96.3,3.7,2.2,1.6
3033313,"St Bernard's Primary School, Newtownabbey",95,5,3.2,1.8
3033317,"St John's Primary School, Carnlough",93.5,6.5,3.7,2.8
3033320,"St Patrick's Primary School, Rasharkin",92.2,7.8,3.9,3.9
3033326,"St Brigid's Primary School, Ballymoney",94.2,5.8,5.3,0.6
3033709,"St John's Primary School, Coleraine",92.2,7.9,5.6,2.2
3036026,"St Joseph's Primary School, Crumlin",93,7.1,2.8,4.2
3036039,"St Mary's Primary School, Glenview",93.7,6.3,5.8,0.5
3036046,St Mary's-on-the-Hill Primary School,94.1,5.9,3.4,2.5
3036050,"St Joseph's Primary School, Antrim",91.2,8.8,4.1,4.7
3036100,"St James Primary School, Newtownabbey",91.1,8.9,5.3,3.6
3036103,"St Brigid's Primary School, Knockloughrim",94.7,5.3,4.9,0.4
3036131,"St Patrick's Primary School, Glenariff",96.3,3.7,3.1,0.7
3036139,"St MacNissi's Primary School, Newtownabbey",95.8,4.2,3.5,0.7
3036147,"St Columba's Primary School, Kilrea",95.5,4.5,3.7,0.8
3036154,"St Patrick's Primary School, Loughgiel",95.2,4.8,3.1,1.7
3036243,"St Joseph's Primary School, Dunloy",95.1,4.9,4.2,0.7
3036268,"St Ciaran's Primary School, Cushendun",94.9,5.2,4.3,0.9
3036292,"St Patrick's Primary School, Maghera",96.1,3.9,2.2,1.8
3036559,"St Patrick's & St Brigid's Primary School, Ballycastle",93,7,4.6,2.5
3036562,"Holy Family Primary School, Magherafelt",94.4,5.6,4.7,0.9
3036563,"St Nicholas' Primary School, Carrickfergus",94.2,5.8,4.4,1.4
3036575,"St MacNissi's Primary School, Larne",95,5,3.7,1.2
3036666,"St Colmcilles Primary School, Ballymena",93.2,6.8,5.6,1.2
3036679,"St Brigid's Primary School, Ballymena",92.4,7.7,6.2,1.5
3036683,"St Paul's Primary School, Ahoghill",97.2,2.8,2.8,0
3036704,"Mary Queen of Peace Primary School, Cargan",94.6,5.4,4.7,0.7
3046653,"Gaelscoil An Chaistil, Ballycastle",94.3,5.7,5.4,0.3
3046678,"Gaelscoil Na Speirini, Draperstown",96.4,3.6,3.6,0
3046684,"Gaelscoil Ghleann Darach, Crumlin",93.4,6.6,4.6,2
3046685,"Gaelscoil Eanna, Glengormley",91.2,8.8,5,3.8
3046691,"Gaelscoil an tSeanchai, Magherafelt",94.2,5.8,3.3,2.6
3050519,"Carnlough Integrated Primary School, Ballymena",90.5,9.5,6.6,2.8
3050791,"Glengormley Integrated Primary School, Newtownabbey",94,6,3.1,2.9
3050841,"Central Integrated Primary School, Carrickfergus",92.5,7.5,4.4,3.1
3050859,Crumlin Integrated Primary School,92.7,7.3,3.3,4
3050866,Ballymoney Model Controlled Integrated Primary School,93.7,6.3,3.3,3
3050899,"Seaview Integrated Primary School, Glenarm",93,7,5.1,1.9
3052071,"Carhill Integrated Primary School, Garvagh",94.8,5.2,5.1,0.1
3053333,Ballycastle Integrated Primary School,93.4,6.6,4.6,2
3056231,Six Mile Integrated Primary School,92.9,7.1,3.9,3.2
3056248,Round Tower Integrated Primary School,92,8,3.1,4.9
3056708,Mallusk Controlled Integrated Primary School,94.1,5.9,3.9,1.9
3066544,"Mill Strand Integrated Primary School, Portrush",94.5,5.6,2.7,2.8
3066551,"Braidside Integratead Primary School, Ballymena",91.7,8.3,5.5,2.8
3066561,"Corran Integrated Primary School, Larne",93.3,6.7,4.7,2
3066568,"Acorn Integrated Primary School, Carrickfergus",92.4,7.6,5.4,2.2
3066613,"Spires Integrated Primary School, Magherafelt",94.6,5.4,3.5,1.9
3066652,"Maine Integrated Primary School, Randalstown",94.3,5.7,4.3,1.5
4010512,"McKinney Primary School, Dundrod",93.3,6.7,5.8,0.9
4010720,"Ballycarrickmaddy Primary School, Lisburn",95.5,4.5,3.7,0.8
4010743,"Largymore Primary School, Lisburn",92.9,7.1,2.9,4.2
4010762,"Brownlee Primary School, Lisburn",94.7,5.3,4.1,1.2
4010788,Dunmurry Primary School,94.7,5.3,3.9,1.5
4010807,Lisburn Central Primary School,90.6,9.4,4.1,5.3
4010882,"Seymour Hill Primary School, Belfast",90.5,9.6,6.4,3.2
4010885,"Tonagh Primary School, Lisburn",91.1,8.9,4,4.9
4011265,"Ballyvester Primary School, Donaghadee",96,4,3,1
4011300,"Greyabbey Primary School, Newtownards",93.4,6.6,5,1.6
4011310,"Carrickmannon Primary School, Ballygowan",95.1,4.9,3.2,1.7
4011345,Newtownards Model Primary School,93.5,6.5,4.2,2.3
4011373,"Kirkistown Primary School, Newtownards",91.6,8.4,4.8,3.6
4011462,"Castle Gardens Primary School, Newtownards",91.4,8.7,5.4,3.3
4011488,"Victoria Primary School, Ballyhalbert",89.2,10.8,6.2,4.6
4011507,"Portavogie Primary School, Newtownards",94.5,5.5,2.9,2.6
4011566,"Ballywalter Primary School, Ballywater",93.2,6.8,4.8,1.9
4011567,Ballynahinch Primary School,94.3,5.7,2.9,2.8
4011578,"Derryboy Primary School, Crossgar",96.3,3.7,3.7,0.1
4011584,"Carr Primary School, Lisburn",95.3,4.7,3.2,1.5
4011587,Dundonald Primary School,93.8,6.2,4.1,2.1
4011588,Comber Primary School,92.2,7.9,6.1,1.7
4011606,"Gilnahirk Primary School, Belfast",94.8,5.2,3.3,1.9
4011608,Anahilt Primary School,96.3,3.7,2.4,1.3
4011619,Dromara Primary School,94.9,5.1,3.7,1.4
4011631,Holywood Primary School,95.4,4.6,2.5,2.1
4011632,"Cregagh Primary School, Belfast",92.5,7.5,3.8,3.7
4011645,"Crawfordsburn Primary School, Bangor",94.4,5.6,3.3,2.3
4011646,"Victoria Primary School, Newtownards",91.4,8.6,4.1,4.5
4011650,"Ballyholme Primary School, Bangor",95.2,4.8,2.8,2.1
4011654,Donaghadee Primary School,92.9,7.1,3.8,3.3
4011657,"Lisnasharragh Primary School, Belfast",94.9,5.1,2.9,2.2
4011670,"Clandeboye Primary School, Bangor",91.1,9,3.4,5.6
4011674,"Knockbreda Primary School, Belfast",88.1,11.9,7.3,4.6
4011681,Millisle Primary School,93,7,6,1.1
4011683,"Braniel Primary School, Belfast",93.2,6.8,4.1,2.7
4011698,Newcastle Primary School,91.9,8.2,3.4,4.8
4011699,Moneyrea Primary School,95.7,4.4,3.6,0.7
4013013,"Belvoir Park Primary School, Belfast",89.7,10.3,5.8,4.5
4013023,"Bloomfield Primary School, Bangor",89.9,10.1,5.1,5
4013024,"Cairnshill Primary School, Belfast",95.3,4.7,3,1.7
4013043,"Leadhill Primary School, Belfast",93.8,6.2,4.2,2
4013044,"Carryduff Primary School, Belfast",93.2,6.8,3.7,3.2
4013045,"Grange Park Primary School, Bangor",95.7,4.4,2.9,1.5
4013046,"Alexander Dickson Primary School, Ballygowan",92.2,7.8,3.4,4.4
4013305,"Harmony Hill Primary School, Lisburn",94.8,5.2,3.4,1.8
4013334,"Knockmore Primary School, Lisburn",89,11,6.5,4.5
4016002,"Kilcooley Primary School, Bangor",87.4,12.6,9.7,2.9
4016004,"Londonderry Primary School, Newtownards",93.4,6.6,3.3,3.3
4016020,"Carrowdore Primary School, Newtownards",91.3,8.7,5.4,3.3
4016067,Rathmore Primary School,94.6,5.4,3.6,1.8
4016083,"West Winds Primary School, Newtownards",88,12,6.5,5.5
4016104,Moira Primary School,96.8,3.2,2.4,0.8
4016111,"Towerview Primary School, Bangor",94.6,5.4,4.1,1.4
4016123,"Spa Primary School, Ballynahinch",96.6,3.4,3.1,0.3
4016126,"Andrews Memorial Primary School, Newtownards",95.4,4.6,2.5,2.1
4016144,"Old Warren Primary School, Lisburn",91.6,8.4,3.6,4.8
4016145,"Killowen Primary School, Lisburn",92.7,7.3,2.5,4.8
4016192,"Kilmaine Primary School, Bangor",95.3,4.7,3.2,1.5
4016201,"Academy Primary School, Ballynahinch",95.5,4.5,3.2,1.3
4016202,Ballinderry Primary School,95.1,4.9,3.5,1.4
4016235,Downpatrick Primary School,90.1,9.9,3.5,6.4
4016396,"Killinchy Primary School, Newtownards",95.2,4.8,3.2,1.6
4016399,"Abbey Primary School, Newtownards",94.3,5.7,3.8,1.9
4016401,"Pond Park Primary School, Lisburn",94.7,5.4,4.3,1.1
4016417,Maghaberry Primary School,94.4,5.6,4,1.6
4016430,"Ballymagee Primary School, Bangor",94.7,5.3,3.1,2.2
4016441,"Ballymacash Primary School, Lisburn",93.7,6.4,3.3,3
4016503,"Brooklands Primary School, Belfast",88.7,11.3,4.4,6.9
4016615,Riverdale Primary School,95.7,4.3,3,1.3
4016636,Meadow Bridge Primary School,94.9,5.1,3.7,1.4
4016649,"Downshire Primary School, Hillsborough",95.4,4.6,3,1.7
4016650,"Cumran Primary School, Downpatrick",93.5,6.5,4.6,1.9
4016681,"Glasswater Primary School, Downpatrick",94.2,5.8,4.3,1.4
4030573,"Ballymacward Primary School, Lisburn",93.3,6.7,5.1,1.6
4030823,"Ballymacrickett Primary School, Glenavy",94.5,5.5,4.4,1.2
4030897,"St Joseph's Primary School, Lisburn",95.3,4.7,3.2,1.5
4031328,"Christ the King Primary School, Drumaness",93.5,6.5,4.3,2.2
4031350,"St Malachy's Primary School, Kilclief",93.7,6.4,5.9,0.4
4031485,"St Caolan's Primary School, Saintfield",95.5,4.5,4.4,0.1
4031526,"St Patrick's Primary School, Saul",94.9,5.1,3.5,1.5
4031531,"St Francis' Primary School, Drumaroad",94.8,5.2,3.5,1.6
4031550,"St Joseph's Primary School, Crossgar",92.8,7.2,4.5,2.7
4031628,"St Patrick's Primary School, Holywood",95.5,4.5,3.2,1.3
4031660,"St Joseph's Primary School, Carryduff",96.6,3.4,3,0.4
4031662,"St Mary's Primary School, Comber",93.1,6.9,5.2,1.7
4031663,"St Joseph's Primary School, Carnacaville",94.1,5.9,3.2,2.7
4031665,"St Patrick's Primary School, Ballynahinch",93.8,6.2,4.3,1.9
4031671,"St Patrick's Primary School, Castlewellan",94,6,5.9,0.1
4031673,"St Mary's Primary School, Ardglass(Dunsford",93.5,6.6,3.9,2.6
4031676,"St Bernards Primary School, Belfast",96.4,3.7,3,0.7
4033002,"St Mary's Primary School, Aughlisnafin",94.4,5.6,5.5,0.1
4033005,"St Joseph's Primary School, Strangford",93.8,6.2,5.8,0.3
4033007,"St Macartan's Primary School, Downpatrick",94.8,5.2,3.7,1.5
4033012,"Holy Family Primary School, Downpatrick",94.3,5.7,4.6,1.2
4033017,"St Finian's Primary School, Newtownards",92.7,7.3,3.2,4.1
4033028,"St Patrick's Primary School, Ballygalget",94.9,5.1,3.9,1.2
4033036,"St Mary's Primary School, Killyleagh",92.7,7.3,5.5,1.9
4033037,"St Joseph's Primary School, Tyrella",89.1,10.9,10.9,0
4033040,"St Brigid's Primary School, Downpatrick",93.5,6.6,6.5,0
4033306,"St Aloysius Primary School, Lisburn",92.8,7.3,3.7,3.5
4033307,"St Colman's Primary School, Lisburn",94.6,5.4,3.3,2.1
4036016,"St Joseph's Primary School, Killough",91.8,8.2,5.2,3.1
4036036,"St Malachy's Primary School, Kilcoo",94.3,5.7,5.1,0.6
4036113,"St Nicholas' Primary School, Downpatrick",90.4,9.7,4.1,5.6
4036133,"Sacred Heart Primary School, Newcastle",91.9,8.1,8.1,0
4036146,"St Comgall's Primary School, Bangor",95.3,4.7,3.4,1.4
4036148,"St Malachy's Primary School, Bangor",92.8,7.2,4.6,2.6
4036182,St Colmcille's Primary School,89.5,10.5,9.6,0.9
4036285,"Good Shepherd Primary School, Belfast",89.3,10.7,4.2,6.5
4036428,"St Mary's Primary School, Kircubbin",93.4,6.6,4.8,1.8
4036454,"St Malachy's Primary School, Castlewellan",93.4,6.7,6.5,0.1
4036455,"St Patrick's Primary School, Legamaddy",93,7,4.1,2.9
4036480,St Kieran's Primary School,86.1,13.9,13.4,0.5
4036530,"St Mary's Primary School, Portaferry",92.1,7.9,5.3,2.6
4036591,"Our Lady Queen of Peace Primary School, Belfast",92.7,7.4,3.7,3.7
4036618,"Christ The Redeemer Primary School, Dunmurry",91.7,8.3,4.8,3.4
4036635,"St Mary's Primary School, Newcastle",93.4,6.6,5.8,0.8
4036642,"St Ita's Primary School, Belfast",96.5,3.5,2.5,1
4036693,"Our Lady & St Patrick Primary School, Downpatrick",90,10,3.9,6.1
4036702,"Holy Evangelist Primary School, Belfast",89.3,10.7,4.8,5.9
4046600,Scoil Na Fuiseoige,92.4,7.6,7.5,0.2
4046648,"Bunscoil Bheanna Boirche, Castlewellan",93.8,6.2,4.6,1.6
4051569,"Kircubbin Integrated Primary School, Newtownards",93.2,6.8,3.8,3
4051601,Portaferry Integrated Primary School,90.9,9.1,8.6,0.5
4051680,Bangor Central Integrated Primary School,92.4,7.7,4.2,3.5
4053009,"Annsborough Integrated Primary School, Castlewellan",94.7,5.3,4.4,1
4053020,"Glencraig Integrated Primary School, Holywood",96,4,2.1,1.9
4053308,"Fort Hill Integrated Primary School, Lisburn",91.2,8.8,5.9,2.9
4056541,"All Children's Integrated Primary School, Newcastle",93.7,6.3,5.1,1.2
4056709,"Killyleagh Integrated Primary School, Downpatrick",91.7,8.3,4.1,4.2
4056710,"Loughries Integrated Primary School, Newtownards",94.3,5.7,3.9,1.8
4066579,"Loughview Integrated Primary School, Belfast",95.7,4.3,2.8,1.5
4066588,"Cedar Integrated Primary School, Crossgar",94.2,5.8,4.4,1.4
4066611,Oakwood Integrated Primary School,92.5,7.5,4.5,3
4066644,"Millennium Integrated Primary School, Saintfield",94.2,5.9,4.1,1.8
4066668,"Drumlins Integrated Primary School, Ballynahinch",92.6,7.4,4.4,3
4066682,"Rowandale Integrated Primary School, Moira",95.8,4.2,3.7,0.5
4610063,Regent House Preparatory,94.8,5.2,3.5,1.7
4620044,"Sullivan Upper Preparatory, Holywood",96.5,3.5,2.5,1
4620050,"Friends' School Preparatory, Lisburn",96.2,3.8,2.6,1.2
4620051,"Wallace High Preparatory, Lisburn",96.3,3.7,2.5,1.3
5010909,"Foley Primary School, Tassagh",96.9,3.1,3.1,0
5011019,"Mullaglass Primary School, Newry",94.9,5.1,4.1,1
5011095,"Mullavilly Primary School, Tandragee",94.7,5.3,3.2,2
5011112,"Hardy Memorial Primary School, Richhill",95.4,4.6,4.3,0.3
5011115,"The Armstrong Primary School, Armagh",91.7,8.3,2.4,5.9
5011116,"Tandragee Primary School, Tandragee",94,6,4.4,1.6
5011119,Darkley Primary School,93.2,6.8,5.9,0.9
5011124,"King's Park Primary School, Lurgan",93.6,6.5,3.3,3.1
5011127,"Carrick Primary School, Lurgan",90.6,9.4,4.3,5.1
5011129,"Hart Memorial Primary School, Portadown",92,8,4.3,3.7
5011132,"Killylea Primary School, Armagh",95.5,4.5,3.6,0.9
5011137,Newtownhamilton Primary School,94.7,5.3,2.8,2.5
5011142,"Clare Primary School, Tandragee",95.6,4.4,2.9,1.5
5011153,"Lisnadill Primary School, Armagh",96.6,3.4,2.4,1
5011157,"Derryhale Primary School, Portadown",95.2,4.8,2.8,2
5011161,Mountnorris Primary School,95.7,4.3,3.9,0.5
5011165,Richmount Primary School,94.4,5.6,4.2,1.4
5011174,"Birches Primary School, Portadown",95.9,4.1,2.9,1.2
5011175,"Cortamlet Primary School, Altnamackin",95.6,4.4,3.4,1
5011179,"Bessbrook Primary School, Newry",91.7,8.3,5.5,2.8
5011189,"Edenderry Primary School, Portadown",92,8,3.5,4.5
5011190,"Tullygally Primary School, Craigavon",89.3,10.7,5.2,5.6
5011520,"Dromore Road Primary School, Warrenpoint",92.5,7.5,3.8,3.7
5011575,Dromore Central Primary School,94.5,5.6,2.8,2.7
5011594,"Abercorn Primary School, Banbridge",94.2,5.8,2.3,3.6
5011596,"Gilford Primary School, Craigavon",92.9,7.1,3.9,3.3
5011598,"Waringstown Primary School, Waringstown",95.3,4.7,2.8,1.9
5011602,"Bleary Primary School, Lurgan",95.7,4.3,2.9,1.4
5011611,"Iveagh Primary School, Newry, Rathfriland",92.9,7.1,6.3,0.8
5011617,"Ballydown Primary School, Banbridge",95.4,4.7,2.7,2
5011649,Kilkeel Primary School,92.4,7.6,3.8,3.8
5011651,Milltown Primary School,94.7,5.4,3.7,1.7
5011664,"Scarva Primary School, Scarva",95.3,4.7,4.1,0.6
5011684,"Annalong Primary School, Newry",95.4,4.6,3.6,1
5011687,"Maralin Village Primary School, Craigavon",94.7,5.3,3.8,1.5
5012280,Moneymore Primary School,95.1,4.9,3.1,1.8
5012538,"Churchill Primary School, Caledon",95.4,4.7,3.7,0.9
5012615,"Ballytrea Primary School, Stewartstown",96.8,3.2,2.4,0.8
5012621,Aughnacloy Primary School,95.8,4.2,3.6,0.6
5012632,"Donaghmore Primary School, Dungannon",96.6,3.4,2.1,1.3
5012635,Augher Central Primary School,97.2,2.9,2.1,0.8
5012636,Moy Regional Primary School,89.1,10.9,3.8,7.1
5012643,Stewartstown Primary School,94.6,5.4,2.5,2.9
5012646,"Howard Primary School, Dungannon",95.3,4.7,3.5,1.2
5012649,Coagh Primary School,96.4,3.6,2.7,0.9
5012657,"Walker Memorial Primary School, Dungannon",93.3,6.7,3.6,3.1
5012696,"Carntall Primary School, Clogher",96.3,3.7,3,0.7
5012719,Newmills Primary School,96.6,3.4,3,0.4
5012720,Dungannon Primary School,92,8,5.3,2.7
5012726,Cookstown Primary School,91.3,8.7,4.9,3.8
5013019,"Edenderry Primary School, Banbridge",93.8,6.2,3.2,3
5013702,"Woods Primary School, Magherafelt",95.4,4.6,3.3,1.3
5016007,"Millington Primary School, Portadown",92.6,7.4,4.8,2.6
5016027,"Drumhillery Primary School, Middletown",96.2,3.8,2.5,1.3
5016065,"Dickson Primary School, Lurgan",90.4,9.6,3,6.7
5016078,Poyntzpass Primary School,94.5,5.6,3.1,2.4
5016079,"The Cope Primary School, Loughgall",94.6,5.4,3,2.4
5016080,"Drumgor Primary School, Craigavon",88.8,11.2,5.2,6
5016088,Fivemiletown Primary School,95.4,4.6,3.2,1.3
5016098,"Brackenagh West Primary School, Kilkeel",94.8,5.2,3.9,1.3
5016117,Ballyoran Primary School,90.5,9.5,4.5,5
5016138,"Bocombra Primary School, Portadown",94.9,5.1,3.8,1.3
5016141,"Churchtown Primary School, Killybasky",95.2,4.8,2.5,2.4
5016178,Donacloney Primary School,94.1,5.9,4,1.9
5016179,"Hamiltonsbawn Primary School, Armagh",97,3,1.7,1.3
5016200,"Queen Elizabeth II Primary School, Pomeroy",94.5,5.5,4.2,1.3
5016221,"Orritor Primary School, Cookstown",96.2,3.8,2.4,1.4
5016224,"Donaghey Primary School, Dungannon",94.8,5.2,3.2,2
5016391,"Bush Primary School, Dungannon",94.9,5.1,3.3,1.8
5016436,Markethill Primary School,95,5.1,3,2
5016451,"Windsor Hill Primary School, Newry",86.6,13.4,1.2,12.2
5016543,"Moyallon Primary School, Portadown",96,4,2.8,1.2
5016599,"Fair Hill Primary School, Dromara",95.1,4.9,3.4,1.5
5016612,"Bronte Primary School, Banbridge",94.9,5.1,3.8,1.3
5016616,"Drumadonnell Primary School, Banbridge",97.1,3,2.1,0.8
5016643,Richmond Primary School,96.6,3.4,1.8,1.6
5016658,Orchard County Primary School,94.4,5.6,3.2,2.4
5016680,"Killyman Primary School, Dungannon",95.2,4.9,2.7,2.2
5030958,"St John's Primary School, Eglish",95.1,4.9,4.4,0.4
5030972,"St Oliver Plunkett Primary School, Forkhill",91.9,8.1,2.5,5.6
5030975,"St Malachy's Primary School, Ballymoyer",95.4,4.6,3.2,1.4
5031070,"St Michael's Primary School, Newtownhamilton",90.9,9.2,4.6,4.6
5031080,"Clintyclay Primary School, Dungannon",92.7,7.4,4.8,2.5
5031086,"Clonalig Primary School, Crossmaglen",94.5,5.5,4.6,0.9
5031088,"Dromintee Primary School, Newry",96,4.1,2.7,1.4
5031103,"Tannaghmore Primary School, Lurgan",93.2,6.8,4.6,2.3
5031107,"St Teresa's Primary School, Tullyherron",94,6,5.7,0.3
5031108,"Clea Primary School, Keady",93.7,6.3,5.5,0.8
5031110,Armagh Christian Brothers Primary School,95,5,3.6,1.4
5031126,"Mount St Catherine's Primary School, Armagh",87,13.1,3.9,9.2
5031130,"St Moninna's Primary School, Cloughoge",93.3,6.8,5.5,1.3
5031133,"St Malachy's Primary School, Armagh",93.9,6.1,5.9,0.2
5031135,"St Oliver's Primary School, Carrickrovaddy",95.6,4.4,2.8,1.6
5031138,"St Joseph's Primary School, Madden",96.3,3.7,3.3,0.3
5031148,"St Patrick's Primary School, Crossmaglen",93.3,6.7,4.4,2.4
5031154,"St Michael's Primary School, Killean",95.1,4.9,3.7,1.2
5031158,"St Patrick's Primary School, Newry",88.8,11.2,7.2,4
5031160,"St Teresa's Primary School, Lurgan",94.5,5.5,2.3,3.1
5031163,"St Brigid's Primary School, Glassdrummond",93.3,6.7,5.6,1.2
5031164,"St Mary's Primary School, Maghery",95.6,4.4,3.2,1.3
5031166,"St Michael's Primary School, Clady",92.9,7.1,5.9,1.2
5031168,"St Patrick's Primary School, Aghacommon",95.8,4.2,2.7,1.6
5031169,"St Brigid's Primary School, Drumilly",95.4,4.6,4.6,0
5031172,"St Mary's Primary School, Granemore",95.1,4.9,2.4,2.5
5031176,"St Peter's Primary School, Cloughreagh",94.5,5.5,4.8,0.8
5031183,"St Patrick's Primary School, Armagh",92.7,7.3,4.8,2.4
5031184,"St Anthony's Primary School, Craigavon",92.3,7.7,3.8,3.9
5031188,"St Joseph's Primary School, Meigh",92.3,7.7,5.4,2.3
5031318,"Killowen Primary School, Newry",93,7,6,1
5031340,"St Joseph's Convent Primary School, Newry",90.5,9.5,4.7,4.8
5031558,"Ballyholland Primary School, Newry",93.9,6.1,4.4,1.7
5031589,Grange Primary School,94,6,3.7,2.3
5031609,"Carrick Primary School, Warrenpoint",94.4,5.6,4.7,1
5031653,"St Matthew's Primary School, Magheramayo",93.9,6.1,4.4,1.7
5031667,"St Patrick's Primary School, Magheralin",95.1,4.9,4,0.9
5031669,"St John's Primary School, Gilford",95.3,4.7,3.3,1.4
5031694,"Holy Cross Primary School, Newry",93.7,6.4,4.7,1.7
5031695,"St Mary's Primary School, Barr",96.9,3.1,2.3,0.7
5031697,"St Patrick's Primary School, Mayobridge",94.1,5.9,5.6,0.3
5032208,"Ballylifford Primary School, Coagh",95.7,4.3,3.5,0.8
5032262,"Lissan Primary School, Cookstown",93.6,6.4,3.3,3.2
5032306,"St Malachy's Primary School, Glencull",96.3,3.7,3.4,0.3
5032387,"Derrylatinee Primary School, Dungannon",95.8,4.2,2.9,1.3
5032463,"Blessed Patrick O'Loughran Primary School, Dungannon",96.2,3.8,3.8,0
5032558,"Laghey Primary School, Dungannon",93.7,6.3,3,3.3
5032585,"Edendork Primary School, Dungannon",95.3,4.8,4,0.7
5032591,"Roan St Patrick's Primary School, Eglish",95.7,4.3,3.2,1
5032592,"St Mary's Primary School, Lisbuoy",93.8,6.2,3.7,2.5
5032624,St MacCartan's Convent Primary School,96.1,3.9,2.6,1.3
5032678,"St Patrick's Primary School, Donaghmore",95,5,3.1,1.9
5032692,"St Mary's Primary School, Stewartstown",92,8,3.9,4.1
5032697,"St Patrick's Primary School, Aughadarragh",96.9,3.1,2.5,0.7
5032698,"St Brigid's Primary School, Mountjoy",95.3,4.7,4.2,0.6
5032699,"St Mary's Primary School, Dunamore",95.6,4.4,3.3,1.1
5032703,"St Peter's Primary School, Moortown",94,6,5,1.1
5032713,"Derrychrin Primary School, Cookstown",95.2,4.8,4,0.8
5032714,"Holy Family Primary School, Aughamullan",94.2,5.8,5.7,0.1
5032715,"St John's Primary School, Moy",96.4,3.6,2.8,0.8
5032717,"St Patrick's Primary School, Mullinahoe",93.9,6.1,4.3,1.7
5032729,"St John's Primary School, Kingsisland",96.8,3.2,3.2,0
5032734,"St Mary's Primary School, Cabragh",96.2,3.8,2.2,1.6
5032735,"St Mary's Primary School, Ballygawley",96.3,3.7,2.8,0.9
5032736,"St Mary's Primary School, Fivemiletown",94.1,5.9,5.8,0.2
5033003,"St Paul's Primary School, Cabra",94.8,5.2,4.5,0.7
5033004,"St Mary's Primary School, Rathfriland",92.9,7.1,4.1,3
5033006,"St Michael's Primary School, Finnis",94,6,5.4,0.6
5033011,"St Mary's Primary School, Dechomet",95.8,4.2,3.4,0.9
5033025,"St Patrick's Primary School, Ballymaghery",94.2,5.8,3.7,2.1
5033324,"St Patrick's Primary School, Derrynaseer",93.1,6.9,3.3,3.5
5036000,"St Colman's Primary School, Dromore",94.7,5.3,3.7,1.6
5036006,"St Mary's Primary School, Derrymore",93.6,6.4,3.9,2.5
5036009,"St Mary's Primary School, Derrytrasna",94.9,5.1,3.4,1.7
5036031,"St Patrick's Primary School, Loup",96.1,3.9,3.1,0.8
5036033,"St Joseph's Primary School, Galbally",96.4,3.6,3.6,0
5036043,"St Mary's Primary School, Banbridge",93.4,6.6,3.6,3
5036047,"St Patrick's Primary School, Annaghmore",90.6,9.4,4.7,4.7
5036057,"St Malachy's Primary School, Drummullan",94.3,5.7,5.4,0.3
5036061,"St Colman's Primary School and All Saints NU, Annaclone",96.3,3.7,2.1,1.6
5036064,"St Malachy's Primary School, Camlough",94.7,5.3,4.2,1.1
5036087,"St Mary's Primary School, Mullaghbawn",94.9,5.1,3.4,1.7
5036099,"St Patrick's Primary School, Cullyhanna",94.4,5.6,2.4,3.2
5036101,"St Brendan's Primary School, Craigavon",91.8,8.2,6.8,1.4
5036108,"St Joseph's Primary School, Killeenan",94.4,5.6,5.6,0
5036110,"St Joseph's Primary School, Bessbrook",92.5,7.5,4.6,2.9
5036118,"St Mary's Primary School, Pomeroy",94,6,4.5,1.5
5036120,"St Patrick's Primary School, Moneymore",93.1,6.9,6,1
5036121,"St Jarlath's Primary School, Blackwatertown",95,5.1,2.9,2.1
5036122,"Jonesborough Primary School, Newry",94.5,5.5,3.4,2.1
5036130,"St Laurence O'Toole Primary School, Belleek",94,6,5.8,0.2
5036136,"Sacred Heart Primary School, Dungannon",95.1,4.9,4.1,0.8
5036173,"St John the Baptist Primary School, Portadown",92.3,7.7,1.7,5.9
5036180,"St Oliver Plunkett Primary School, Ballyhegan",95.3,4.7,4.3,0.4
5036363,"St Mary's Primary School, Aughnacloy",94.3,5.8,3.7,2.1
5036400,"St Colman's Primary School, Bann",94.9,5.1,3.7,1.4
5036409,"St Ronan's Primary School, Newry",93.9,6.1,4,2.1
5036433,"St Malachy's Primary School, Carnagat",89.5,10.5,4.6,5.9
5036457,"St Francis' Primary School, Aghaderg",93.5,6.5,3.9,2.6
5036463,"St Joseph's Primary School, Caledon",96,4,3.6,0.4
5036504,"St Patrick's Primary School, Dungannon",90.3,9.7,4.3,5.4
5036545,"St Colman's Primary School, Kilkeel",92.4,7.6,7.6,0
5036567,"Holy Trinity Primary School, Cookstown",93,7,5.6,1.4
5036572,"St Colman's Primary School, Saval",95.7,4.3,4.1,0.3
5036583,"St Dallan's Primary School, Warrenpoint",91.8,8.2,3.3,4.9
5036586,"Presentation Primary School, Portadown",90.8,9.2,3.1,6.1
5036590,Primate Dixon Primary School,87.7,12.3,3.1,9.2
5036595,"St Peter's Primary School, Collegelands",96.2,3.8,2.6,1.2
5036598,"Our Lady's Primary School, Tullysaran",96.2,3.8,2.8,1
5036605,"St Patrick's Primary School, Drumgreenagh",95.4,4.6,3.5,1.1
5036610,"St Francis of Assisi Primary School, Keady",92.9,7.1,4.2,2.9
5036622,"St John's Primary School, Middletown",95.3,4.7,2.7,2
5036633,"St Francis' Primary School, Lurgan",91.5,8.5,3.6,4.9
5036634,"St Clare's Abbey Primary School, Newry",91.6,8.4,5.9,2.5
5036639,"Our Lady's & St Mochua's Primary School, Keady",94.8,5.2,4.5,0.7
5036673,"St Bronagh's Primary School, Rostrevor",94.5,5.5,4.6,0.9
5036675,"St Joseph's and St James's Primary School, Poyntzpass",93.8,6.3,3.7,2.5
5036706,"St Columban's Primary School, Kilkeel",93.6,6.4,4.8,1.6
5046137,"Seagoe Primary School, Portadown",94.8,5.2,3.3,1.9
5046241,"The Drelincourt, Church of Ireland, Armagh",71.1,28.9,25.5,3.4
5046597,"Bunscoil an Iuir, Newry",93.4,6.6,3.5,3.1
5046637,"Gaelscoil Ui Neill , Dungannon",92.8,7.2,6.8,0.4
5046692,"Gaelscoil na mBeann, Kilkeel",94.1,5.9,5.1,0.8
5046695,"Gaelscoil Aodha Rua, Dungannon",94.9,5.1,5.1,0
5046699,Gaelscoil Eoghain,94.3,5.7,4.3,1.4
5050992,Lurgan Model Integrated Primary School,84.8,15.2,4.8,10.3
5056013,"Kilbroney Integrated Primary School, Newry",92.4,7.6,7.6,0
5066540,"Bridge Integrated Primary School, Banbridge",93.8,6.2,3.5,2.7
5066553,Portadown Integrated Primary School,93.4,6.6,3.6,3
5066554,"Windmill Integrated Primary School, Dungannon",92.3,7.7,3.2,4.5
5066578,Saints and Scholars Integrated Primary School,94,6,3.7,2.3
5066657,"Phoenix Integrated Primary School NU, Cookstown",94.2,5.8,3.7,2.1
5620263,Armagh Royal Preparatory Department,94.3,5.7,5.4,0.3
